Numero de datos,LLT,DLL,CDLL,ColaArray,ColaLLT,ColaDLL
100,0.012984275817871094,0.020005464553833008,0.012000799179077148,,,
1000,,,,,,
